ID,Arquitectura,Activación,Optimizador,Batch_Size,Loss_Final_Entrenamiento,Loss_Final_Predicción
1,"[2, 128, 64, 32, 16, 1]",relu,AdamW,15,0.014977073221128283,0.016352862535429634
2,"[2, 128, 64, 32, 16, 1]",relu,AdamW,30,0.01590829662868735,0.016986896357322933
3,"[2, 128, 64, 32, 16, 1]",tanh_fast,AdamW,15,0.01883487356031653,0.018453998662630332
4,"[2, 128, 64, 32, 16, 1]",tanh_fast,AdamW,30,0.020575343043656685,0.020087432037725037
5,"[2, 128, 64, 32, 16, 1]",swish,AdamW,15,0.01540386542793266,0.0160391504721372
6,"[2, 128, 64, 32, 16, 1]",swish,AdamW,30,0.015718321844531466,0.016690912091329738
